,country,region,age,time,gender,category
0,MAR,Africa,33,142.26666666666665,male,42km
1,ETH,Africa,39,143.83333333333331,male,42km
2,ETH,Africa,35,145.0,male,42km
3,FRA,Europe,28,148.71666666666667,male,42km
4,POL,Europe,39,148.95,male,42km
5,ETH,Africa,31,155.36666666666667,male,42km
6,IND,Asia,28,155.46666666666667,male,42km
7,CHE,Europe,35,156.91666666666669,male,42km
8,FRA,Europe,38,157.41666666666669,male,42km
9,FRA,Europe,28,158.4,male,42km
10,CHE,Europe,37,158.7,male,42km
11,CHE,Europe,24,162.93333333333334,male,42km
12,CHE,Europe,51,163.06666666666666,male,42km
13,FRA,Europe,45,163.23333333333335,female,42km
14,CHE,Europe,22,164.21666666666667,female,42km
15,CHE,Europe,36,164.55,male,42km
16,CHE,Europe,29,166.0,male,42km
17,CHE,Europe,43,166.33333333333331,male,42km
18,CHE,Europe,25,166.53333333333333,male,42km
19,CHE,Europe,50,166.91666666666669,male,42km
20,CHE,Europe,23,166.98333333333332,male,42km
21,CHE,Europe,34,167.86666666666667,male,42km
22,CHE,Europe,42,167.98333333333335,male,42km
23,ARG,Americas,42,168.43333333333334,male,42km
24,CHE,Europe,39,170.03333333333333,male,42km
25,CHE,Europe,29,170.88333333333333,male,42km
26,CHE,Europe,41,171.45,male,42km
27,POL,Europe,30,172.05,male,42km
28,CHE,Europe,32,172.38333333333333,male,42km
29,FRA,Europe,52,172.61666666666667,male,42km
30,ESP,Europe,37,172.9,male,42km
31,CHE,Europe,36,172.91666666666666,male,42km
32,CHE,Europe,32,172.91666666666666,male,42km
33,PRT,Europe,40,174.2,male,42km
34,CHE,Europe,28,174.58333333333331,male,42km
35,FRA,Europe,31,174.75,male,42km
36,ROU,Europe,34,175.46666666666667,male,42km
37,CHE,Europe,54,176.06666666666666,male,42km
38,FRA,Europe,34,176.08333333333331,male,42km
39,CHE,Europe,45,176.21666666666667,male,42km
40,FRA,Europe,34,176.43333333333334,male,42km
41,SWE,Europe,26,176.71666666666667,male,42km
42,USA,Americas,32,176.75,male,42km
43,CHE,Europe,44,176.91666666666666,male,42km
44,CHE,Europe,23,177.01666666666665,male,42km
45,FRA,Europe,40,177.21666666666667,male,42km
46,GBR,Europe,35,177.39999999999998,male,42km
47,BOL,Americas,26,177.78333333333333,male,42km
48,FRA,Europe,47,177.9,male,42km
49,GBR,Europe,29,178.14999999999998,male,42km
50,FRA,Europe,42,178.16666666666669,male,42km
51,FRA,Europe,37,178.23333333333335,male,42km
52,DEU,Europe,30,178.25,male,42km
53,CHE,Europe,38,178.3,male,42km
54,ESP,Europe,26,178.63333333333333,male,42km
55,FRA,Europe,37,178.71666666666667,male,42km
56,FRA,Europe,46,178.8,male,42km
57,CHE,Europe,46,178.85000000000002,male,42km
58,CHE,Europe,23,178.88333333333333,male,42km
59,CHE,Europe,33,178.9,male,42km
60,CHE,Europe,33,179.05,male,42km
61,FRA,Europe,20,179.16666666666669,male,42km
62,CHE,Europe,48,179.2,male,42km
63,CHE,Europe,48,179.26666666666665,male,42km
64,CHE,Europe,36,179.35000000000002,male,42km
65,FRA,Europe,45,179.38333333333333,male,42km
66,CHE,Europe,45,179.46666666666664,male,42km
67,FRA,Europe,44,179.48333333333332,male,42km
68,POL,Europe,44,179.5,male,42km
69,CHE,Europe,39,179.55,male,42km
70,FRA,Europe,36,179.58333333333331,male,42km
71,USA,Americas,37,179.71666666666664,male,42km
72,FRA,Europe,46,179.83333333333334,male,42km
73,CHE,Europe,50,179.91666666666669,male,42km
74,POL,Europe,28,180.11666666666667,male,42km
75,CHE,Europe,46,180.26666666666665,male,42km
76,UKR,Europe,32,180.61666666666667,female,42km
77,FRA,Europe,35,180.96666666666664,male,42km
78,FRA,Europe,33,181.28333333333333,male,42km
79,DEU,Europe,49,181.73333333333335,male,42km
80,DEU,Europe,38,181.91666666666666,male,42km
81,FRA,Europe,41,182.06666666666666,male,42km
82,FRA,Europe,30,182.26666666666668,male,42km
83,NIC,Americas,44,182.48333333333335,male,42km
84,CHE,Europe,52,182.53333333333333,male,42km
85,CHE,Europe,25,182.71666666666667,male,42km
86,FRA,Europe,20,182.86666666666667,male,42km
87,FRA,Europe,57,182.89999999999998,male,42km
88,DZA,Africa,42,182.91666666666669,male,42km
89,CHE,Europe,29,183.03333333333333,male,42km
90,CHE,Europe,38,183.11666666666667,male,42km
91,CHE,Europe,29,183.33333333333334,male,42km
92,CHE,Europe,33,183.61666666666667,male,42km
93,FRA,Europe,20,184.41666666666669,male,42km
94,DEU,Europe,28,184.83333333333334,female,42km
95,CHE,Europe,41,184.95,male,42km
96,FRA,Europe,37,185.31666666666666,male,42km
97,CHE,Europe,24,185.33333333333331,male,42km
98,FRA,Europe,46,185.48333333333335,male,42km
99,ZAF,Africa,42,185.63333333333333,male,42km
100,CHE,Europe,35,185.78333333333333,male,42km
101,FRA,Europe,53,185.91666666666669,male,42km
102,CHE,Europe,46,185.95,male,42km
103,CHE,Europe,34,186.41666666666669,male,42km
104,FRA,Europe,63,186.63333333333333,male,42km
105,CHE,Europe,52,186.91666666666669,male,42km
106,CHE,Europe,45,187.01666666666668,male,42km
107,FRA,Europe,29,187.3,male,42km
108,FRA,Europe,42,187.8,female,42km
109,CHE,Europe,38,188.05,male,42km
110,DEU,Europe,39,188.21666666666667,male,42km
111,CHE,Europe,45,188.3,male,42km
112,DEU,Europe,21,188.3,male,42km
113,ITA,Europe,52,188.31666666666666,male,42km
114,CAN,Americas,35,188.41666666666669,male,42km
115,FRA,Europe,45,188.95,male,42km
116,FRA,Europe,36,189.08333333333331,male,42km
117,CHE,Europe,41,189.18333333333334,male,42km
118,CHE,Europe,47,189.25,male,42km
119,CHE,Europe,45,189.43333333333334,male,42km
120,FRA,Europe,45,189.55,male,42km
121,POL,Europe,42,189.85,male,42km
122,CHE,Europe,51,190.21666666666667,male,42km
123,FRA,Europe,50,190.38333333333333,male,42km
124,FRA,Europe,46,190.61666666666667,male,42km
125,PRT,Europe,50,190.76666666666665,male,42km
126,CHE,Europe,35,190.81666666666666,male,42km
127,FRA,Europe,39,191.26666666666665,male,42km
128,BEL,Europe,37,191.56666666666666,male,42km
129,CHE,Europe,51,191.58333333333331,male,42km
130,CHE,Europe,19,191.6,male,42km
131,CHE,Europe,35,192.01666666666665,male,42km
132,DEU,Europe,54,192.39999999999998,male,42km
133,ITA,Europe,39,192.43333333333334,male,42km
134,FRA,Europe,32,192.66666666666669,male,42km
135,FRA,Europe,46,193.21666666666664,male,42km
136,FRA,Europe,35,193.75,male,42km
137,CHE,Europe,31,193.81666666666666,male,42km
138,FRA,Europe,49,193.81666666666666,male,42km
139,PRT,Europe,41,193.83333333333331,male,42km
140,CHE,Europe,29,193.88333333333333,male,42km
141,FRA,Europe,35,193.96666666666667,male,42km
142,CAN,Americas,32,194.03333333333333,male,42km
143,FRA,Europe,33,194.03333333333333,male,42km
144,ITA,Europe,38,194.08333333333334,male,42km
145,CHE,Europe,41,194.26666666666665,male,42km
146,FRA,Europe,50,194.45,male,42km
147,RUS,Europe,39,194.58333333333331,male,42km
148,FRA,Europe,28,194.60000000000002,male,42km
149,FRA,Europe,32,194.66666666666669,male,42km
150,CHE,Europe,44,194.66666666666669,male,42km
151,DEU,Europe,42,194.75,male,42km
152,ITA,Europe,53,194.78333333333333,male,42km
153,BEL,Europe,36,194.86666666666667,male,42km
154,DZA,Africa,34,194.86666666666667,male,42km
155,DEU,Europe,50,194.88333333333333,female,42km
156,CHE,Europe,34,194.95,male,42km
157,FRA,Europe,25,195.0,male,42km
158,CHE,Europe,32,195.18333333333334,male,42km
159,CHE,Europe,25,195.3,male,42km
160,CHE,Europe,45,195.56666666666666,male,42km
161,HUN,Europe,50,195.68333333333334,male,42km
162,CHE,Europe,18,195.71666666666667,male,42km
163,CHE,Europe,46,195.75,male,42km
164,POL,Europe,41,195.88333333333333,male,42km
165,CHE,Europe,45,196.2,male,42km
166,FRA,Europe,51,196.28333333333336,male,42km
167,CHE,Europe,44,196.48333333333335,male,42km
168,FRA,Europe,21,196.58333333333334,female,42km
169,CHE,Europe,45,196.63333333333333,male,42km
170,ITA,Europe,37,196.93333333333334,male,42km
171,FRA,Europe,25,197.68333333333334,male,42km
172,FRA,Europe,43,197.71666666666664,male,42km
173,DEU,Europe,22,197.88333333333333,male,42km
174,LUX,Europe,47,198.43333333333334,male,42km
175,CHE,Europe,49,198.76666666666665,male,42km
176,FRA,Europe,44,198.9,male,42km
177,SWE,Europe,62,199.25,male,42km
178,NLD,Europe,46,199.39999999999998,male,42km
179,NLD,Europe,28,199.48333333333335,female,42km
180,FRA,Europe,35,199.6,male,42km
181,CHE,Europe,54,199.96666666666667,male,42km
182,FRA,Europe,38,200.31666666666666,male,42km
183,FRA,Europe,41,200.41666666666666,male,42km
184,CHE,Europe,28,200.5,female,42km
185,FRA,Europe,32,200.86666666666667,male,42km
186,FRA,Europe,46,200.89999999999998,male,42km
187,FRA,Europe,38,201.15,male,42km
188,FRA,Europe,40,201.41666666666666,male,42km
189,POL,Europe,35,201.46666666666664,male,42km
190,CHE,Europe,36,201.55,male,42km
191,CHE,Europe,36,201.58333333333331,male,42km
192,FRA,Europe,38,201.83333333333334,male,42km
193,DEU,Europe,39,202.18333333333334,male,42km
194,FRA,Europe,36,202.21666666666667,male,42km
195,KAZ,Asia,39,202.35,male,42km
196,ESP,Europe,28,202.5,male,42km
197,FRA,Europe,56,202.51666666666665,male,42km
198,CHE,Europe,58,202.51666666666665,male,42km
199,POL,Europe,35,202.58333333333334,male,42km
200,CHE,Europe,45,202.63333333333333,male,42km
201,FRA,Europe,27,202.7,male,42km
202,CHE,Europe,35,202.78333333333333,male,42km
203,CHE,Europe,52,202.78333333333336,male,42km
204,ITA,Europe,36,202.8,male,42km
205,FIN,Europe,41,202.8,female,42km
206,ITA,Europe,39,202.8,male,42km
207,CHE,Europe,32,203.08333333333331,male,42km
208,FRA,Europe,38,203.23333333333335,male,42km
209,FRA,Europe,51,203.3,male,42km
210,CHE,Europe,53,203.35,male,42km
211,ITA,Europe,44,203.35,male,42km
212,CHE,Europe,49,203.36666666666667,male,42km
213,FRA,Europe,42,203.5,female,42km
214,CHE,Europe,45,203.51666666666665,male,42km
215,FRA,Europe,53,203.6,male,42km
216,CHE,Europe,49,203.63333333333333,male,42km
217,CHE,Europe,37,203.71666666666667,male,42km
218,CHE,Europe,35,203.73333333333335,male,42km
219,FRA,Europe,37,203.76666666666665,male,42km
220,FRA,Europe,33,203.89999999999998,male,42km
221,CHE,Europe,58,204.03333333333333,male,42km
222,CHE,Europe,44,204.11666666666667,male,42km
223,ROU,Europe,36,204.18333333333334,male,42km
224,CHE,Europe,38,204.45,male,42km
225,FRA,Europe,56,204.51666666666665,male,42km
226,ITA,Europe,43,204.55,male,42km
227,LUX,Europe,38,204.58333333333334,male,42km
228,CHE,Europe,49,204.8,male,42km
229,FRA,Europe,43,204.8,male,42km
230,FRA,Europe,53,204.83333333333331,male,42km
231,CHE,Europe,45,204.91666666666669,male,42km
232,FRA,Europe,45,205.03333333333333,male,42km
233,ITA,Europe,35,205.05,male,42km
234,ITA,Europe,46,205.05,male,42km
235,POL,Europe,30,205.06666666666666,male,42km
236,NLD,Europe,46,205.08333333333334,male,42km
237,CHE,Europe,43,205.1,male,42km
238,CHE,Europe,40,205.18333333333334,female,42km
239,GRC,Europe,46,205.3,male,42km
240,FRA,Europe,38,205.38333333333333,male,42km
241,RUS,Europe,42,205.61666666666667,male,42km
242,GTM,Americas,27,205.71666666666667,female,42km
243,CHE,Europe,50,205.71666666666667,male,42km
244,MDG,Africa,42,205.78333333333333,male,42km
245,CHE,Europe,50,205.88333333333333,male,42km
246,FRA,Europe,27,205.88333333333333,male,42km
247,CHE,Europe,38,205.93333333333334,male,42km
248,CHE,Europe,21,205.98333333333335,male,42km
249,CHE,Europe,29,206.06666666666666,male,42km
250,GBR,Europe,33,206.1,male,42km
251,CHE,Europe,50,206.15,male,42km
252,CHE,Europe,25,206.33333333333334,male,42km
253,CHE,Europe,37,206.36666666666667,male,42km
254,DEU,Europe,41,206.43333333333334,male,42km
255,CHE,Europe,31,206.48333333333335,male,42km
256,CHE,Europe,35,206.66666666666669,male,42km
257,FRA,Europe,37,206.68333333333334,male,42km
258,FRA,Europe,47,206.71666666666667,male,42km
259,CHE,Europe,35,206.88333333333333,male,42km
260,FRA,Europe,36,206.96666666666667,male,42km
261,CHE,Europe,29,207.03333333333333,male,42km
262,CHE,Europe,29,207.06666666666666,male,42km
263,AUT,Europe,35,207.13333333333333,female,42km
264,FRA,Europe,26,207.13333333333333,male,42km
265,CHE,Europe,29,207.16666666666669,male,42km
266,CHE,Europe,54,207.38333333333333,male,42km
267,POL,Europe,27,207.43333333333334,male,42km
268,ESP,Europe,45,207.45,male,42km
269,FRA,Europe,51,207.45,male,42km
270,CHE,Europe,28,207.46666666666667,female,42km
271,CHE,Europe,52,207.5,female,42km
272,JPN,Asia,41,207.58333333333331,male,42km
273,CHE,Europe,41,207.66666666666666,male,42km
274,AUS,Oceania,38,207.66666666666669,female,42km
275,CAN,Americas,44,207.7,male,42km
276,CHE,Europe,40,207.81666666666666,male,42km
277,CHE,Europe,27,207.85000000000002,male,42km
278,CHE,Europe,31,208.1,female,42km
279,GBR,Europe,38,208.11666666666667,male,42km
280,FRA,Europe,48,208.23333333333335,male,42km
281,CHE,Europe,50,208.26666666666665,male,42km
282,CHE,Europe,22,208.33333333333331,male,42km
283,BEL,Europe,46,208.43333333333334,male,42km
284,LAO,Asia,39,208.61666666666667,male,42km
285,FRA,Europe,28,208.63333333333333,male,42km
286,CHE,Europe,51,208.66666666666669,male,42km
287,FRA,Europe,35,208.71666666666667,male,42km
288,AUS,Oceania,43,208.73333333333332,female,42km
289,CHE,Europe,25,208.73333333333335,male,42km
290,CHE,Europe,29,208.96666666666667,male,42km
291,CHE,Europe,38,208.96666666666667,male,42km
292,CHE,Europe,45,209.01666666666665,male,42km
293,FRA,Europe,27,209.05,male,42km
294,CHE,Europe,52,209.06666666666666,female,42km
295,CHE,Europe,48,209.10000000000002,male,42km
296,PRT,Europe,36,209.11666666666667,male,42km
297,NLD,Europe,56,209.11666666666667,male,42km
298,CHE,Europe,29,209.21666666666667,male,42km
299,CHE,Europe,33,209.21666666666667,female,42km
300,IRL,Europe,38,209.25,male,42km
301,FRA,Europe,47,209.25,male,42km
302,HUN,Europe,37,209.28333333333333,male,42km
303,FRA,Europe,28,209.33333333333334,male,42km
304,CHE,Europe,53,209.36666666666667,male,42km
305,CHE,Europe,28,209.36666666666667,male,42km
306,FRA,Europe,64,209.41666666666669,male,42km
307,FRA,Europe,44,209.43333333333334,male,42km
308,ITA,Europe,37,209.43333333333334,male,42km
309,CHE,Europe,24,209.48333333333335,male,42km
310,CHE,Europe,50,209.48333333333335,male,42km
311,CHE,Europe,26,209.5,male,42km
312,CHE,Europe,27,209.60000000000002,female,42km
313,LUX,Europe,23,209.63333333333333,male,42km
314,NLD,Europe,49,209.65,male,42km
315,ITA,Europe,38,209.7,male,42km
316,GBR,Europe,28,209.78333333333333,male,42km
317,FRA,Europe,44,210.23333333333335,male,42km
318,CHE,Europe,28,210.26666666666665,male,42km
319,FRA,Europe,56,210.28333333333333,male,42km
320,FRA,Europe,40,210.38333333333333,male,42km
321,PRT,Europe,30,210.39999999999998,female,42km
322,CHE,Europe,37,210.58333333333334,male,42km
323,CHE,Europe,47,210.71666666666667,female,42km
324,CHE,Europe,36,210.8,male,42km
325,CHE,Europe,45,211.0,male,42km
326,UKR,Europe,32,211.01666666666665,male,42km
327,FRA,Europe,47,211.05,male,42km
328,FRA,Europe,46,211.31666666666666,male,42km
329,CHE,Europe,44,211.55,male,42km
330,DEU,Europe,41,212.23333333333335,male,42km
331,POL,Europe,36,212.76666666666665,male,42km
332,FRA,Europe,40,212.81666666666666,male,42km
333,FRA,Europe,58,212.88333333333333,male,42km
334,FRA,Europe,36,212.98333333333335,male,42km
335,FRA,Europe,45,213.01666666666665,male,42km
336,CHE,Europe,27,213.13333333333333,male,42km
337,CHE,Europe,34,213.25,male,42km
338,USA,Americas,49,213.35,male,42km
339,MLT,Europe,21,213.36666666666667,female,42km
340,FRA,Europe,45,213.43333333333334,male,42km
341,CHE,Europe,42,213.45,male,42km
342,ARG,Americas,43,213.48333333333335,male,42km
343,FRA,Europe,29,213.48333333333335,male,42km
344,CHE,Europe,62,213.53333333333333,male,42km
345,POL,Europe,32,213.83333333333334,female,42km
346,UKR,Europe,50,213.95,male,42km
347,CHE,Europe,37,214.28333333333333,male,42km
348,CHE,Europe,58,214.3,male,42km
349,FRA,Europe,42,214.36666666666667,male,42km
350,FRA,Europe,52,214.38333333333333,male,42km
351,CHE,Europe,33,214.43333333333334,male,42km
352,ITA,Europe,45,214.55,male,42km
353,FRA,Europe,28,214.66666666666669,female,42km
354,FRA,Europe,39,214.7,male,42km
355,THA,Asia,33,214.76666666666665,male,42km
356,NLD,Europe,45,215.08333333333331,male,42km
357,CHE,Europe,26,215.10000000000002,male,42km
358,CHE,Europe,41,215.36666666666667,male,42km
359,ITA,Europe,45,215.46666666666667,male,42km
360,FRA,Europe,30,215.53333333333333,male,42km
361,CHE,Europe,38,215.8,male,42km
362,FRA,Europe,47,215.91666666666669,male,42km
363,CHE,Europe,43,216.01666666666665,male,42km
364,FRA,Europe,38,216.08333333333331,male,42km
365,BEL,Europe,43,216.14999999999998,female,42km
366,CHN,Asia,34,216.18333333333334,female,42km
367,FRA,Europe,39,216.41666666666669,male,42km
368,BEL,Europe,40,216.6,female,42km
369,CHE,Europe,46,216.61666666666667,male,42km
370,FRA,Europe,45,216.71666666666664,male,42km
371,CHE,Europe,30,216.98333333333335,male,42km
372,CHE,Europe,27,217.05,male,42km
373,ZAF,Africa,45,217.13333333333333,male,42km
374,FRA,Europe,48,217.18333333333334,male,42km
375,CHE,Europe,32,217.23333333333335,male,42km
376,CHE,Europe,23,217.25,male,42km
377,CHE,Europe,42,217.36666666666667,male,42km
378,CHE,Europe,41,217.36666666666667,male,42km
379,CHE,Europe,28,217.38333333333333,male,42km
380,CHE,Europe,48,217.56666666666666,male,42km
381,FRA,Europe,55,217.6,male,42km
382,FRA,Europe,50,217.71666666666667,male,42km
383,SVK,Europe,41,217.73333333333335,male,42km
384,CHE,Europe,58,217.73333333333335,male,42km
385,CHE,Europe,54,217.8,male,42km
386,FRA,Europe,31,217.88333333333333,male,42km
387,PRT,Europe,39,217.9,male,42km
388,CHE,Europe,36,217.91666666666669,female,42km
389,CHE,Europe,34,218.01666666666665,male,42km
390,FRA,Europe,40,218.38333333333333,male,42km
391,DEU,Europe,29,218.38333333333333,female,42km
392,CHE,Europe,38,218.46666666666667,female,42km
393,FRA,Europe,38,218.48333333333332,male,42km
394,FRA,Europe,36,218.56666666666666,male,42km
395,FRA,Europe,42,218.78333333333333,male,42km
396,CHE,Europe,34,218.88333333333333,male,42km
397,CHE,Europe,23,218.9,male,42km
398,PRT,Europe,25,219.06666666666666,male,42km
399,CHE,Europe,56,219.2,male,42km
400,CHE,Europe,18,219.31666666666666,male,42km
401,FRA,Europe,51,219.31666666666666,male,42km
402,FRA,Europe,29,219.33333333333331,male,42km
403,FRA,Europe,57,219.4,male,42km
404,FRA,Europe,44,219.51666666666665,male,42km
405,CHE,Europe,40,219.55,female,42km
406,CHE,Europe,41,219.61666666666667,male,42km
407,FRA,Europe,43,219.63333333333333,female,42km
408,CHE,Europe,33,219.63333333333333,male,42km
409,FRA,Europe,29,219.65,male,42km
410,CHE,Europe,38,219.66666666666669,male,42km
411,FRA,Europe,34,219.66666666666669,male,42km
412,FRA,Europe,27,219.8,male,42km
413,CHE,Europe,43,219.93333333333334,male,42km
414,CHE,Europe,51,219.93333333333334,male,42km
415,POL,Europe,30,220.0,male,42km
416,CHE,Europe,31,220.05,male,42km
417,CHE,Europe,38,220.08333333333331,female,42km
418,CHE,Europe,50,220.10000000000002,male,42km
419,CHE,Europe,30,220.43333333333334,male,42km
420,CHE,Europe,32,220.96666666666667,male,42km
421,CHE,Europe,28,221.06666666666666,male,42km
422,AUT,Europe,56,221.13333333333333,male,42km
423,BEL,Europe,40,221.25,male,42km
424,BEL,Europe,40,221.25,male,42km
425,CAN,Americas,40,221.55,male,42km
426,FRA,Europe,50,221.61666666666667,male,42km
427,FRA,Europe,46,221.85,male,42km
428,CHE,Europe,49,221.86666666666667,male,42km
429,FRA,Europe,41,221.88333333333333,male,42km
430,FIN,Europe,48,222.10000000000002,male,42km
431,CHE,Europe,49,222.16666666666669,male,42km
432,VEN,Americas,35,222.18333333333334,male,42km
433,CAN,Americas,39,222.31666666666666,male,42km
434,POL,Europe,47,222.31666666666666,male,42km
435,POL,Europe,46,222.33333333333331,male,42km
436,DNK,Europe,47,222.35000000000002,female,42km
437,RUS,Europe,33,222.36666666666667,male,42km
438,FRA,Europe,44,222.53333333333333,male,42km
439,CHE,Europe,37,222.55,female,42km
440,FRA,Europe,33,222.58333333333331,male,42km
441,DEU,Europe,53,222.58333333333331,male,42km
442,CHE,Europe,32,222.60000000000002,male,42km
443,FRA,Europe,24,222.60000000000002,male,42km
444,POL,Europe,32,222.61666666666667,male,42km
445,CHE,Europe,40,222.63333333333333,male,42km
446,ITA,Europe,45,222.66666666666669,male,42km
447,CHE,Europe,42,222.73333333333335,male,42km
448,FRA,Europe,19,222.75,male,42km
449,CHE,Europe,49,222.75,male,42km
450,CHE,Europe,40,222.81666666666666,male,42km
451,FRA,Europe,23,222.93333333333334,male,42km
452,FRA,Europe,52,222.96666666666667,male,42km
453,FRA,Europe,48,222.96666666666667,male,42km
454,FIN,Europe,39,222.98333333333335,male,42km
455,POL,Europe,32,223.0,male,42km
456,FRA,Europe,47,223.05,female,42km
457,FRA,Europe,58,223.10000000000002,male,42km
458,CHE,Europe,25,223.15,male,42km
459,CHE,Europe,55,223.3,male,42km
460,FRA,Europe,42,223.36666666666667,female,42km
461,FRA,Europe,42,223.36666666666667,male,42km
462,GBR,Europe,55,223.4,male,42km
463,FRA,Europe,33,223.5,male,42km
464,CHE,Europe,36,223.60000000000002,male,42km
465,CHE,Europe,48,223.91666666666669,male,42km
466,CHE,Europe,55,223.91666666666669,male,42km
467,FRA,Europe,57,223.93333333333334,male,42km
468,ESP,Europe,49,223.98333333333335,male,42km
469,CHE,Europe,19,224.01666666666665,male,42km
470,CHE,Europe,40,224.28333333333333,male,42km
471,BEL,Europe,31,224.33333333333334,female,42km
472,CHE,Europe,49,224.48333333333335,male,42km
473,FRA,Europe,45,224.5,male,42km
474,FRA,Europe,54,224.63333333333333,male,42km
475,CHE,Europe,31,224.8,female,42km
476,RUS,Europe,36,224.86666666666667,male,42km
477,FRA,Europe,31,224.93333333333334,male,42km
478,CHE,Europe,58,224.93333333333334,male,42km
479,FRA,Europe,45,224.93333333333334,male,42km
480,CHE,Europe,50,224.96666666666667,male,42km
481,CHE,Europe,29,225.03333333333333,male,42km
482,FRA,Europe,36,225.15,male,42km
483,GBR,Europe,23,225.18333333333334,male,42km
484,FRA,Europe,57,225.18333333333334,male,42km
485,KOR,Asia,23,225.25,male,42km
486,CHE,Europe,34,225.31666666666666,male,42km
487,FRA,Europe,43,225.31666666666666,male,42km
488,CHE,Europe,24,225.4,male,42km
489,CHE,Europe,25,225.5,male,42km
490,FRA,Europe,61,225.76666666666668,male,42km
491,ITA,Europe,44,225.83333333333331,male,42km
492,CHE,Europe,60,225.85000000000002,male,42km
493,GBR,Europe,37,226.16666666666666,female,42km
494,FRA,Europe,53,226.18333333333334,male,42km
495,FRA,Europe,48,226.25,female,42km
496,ITA,Europe,41,226.25,male,42km
497,CHE,Europe,44,226.3,male,42km
498,CHE,Europe,51,226.31666666666666,female,42km
499,CHE,Europe,46,226.48333333333335,male,42km
500,CHE,Europe,45,226.53333333333333,male,42km
501,CHE,Europe,24,226.68333333333334,male,42km
502,FRA,Europe,44,226.68333333333334,male,42km
503,DEU,Europe,45,226.76666666666665,male,42km
504,FRA,Europe,52,226.78333333333333,male,42km
505,CHE,Europe,40,226.81666666666666,female,42km
506,FRA,Europe,51,226.93333333333334,male,42km
507,PRT,Europe,51,226.98333333333335,male,42km
508,CHE,Europe,38,227.35000000000002,male,42km
509,CHE,Europe,35,227.36666666666667,male,42km
510,BEL,Europe,52,227.39999999999998,male,42km
511,GBR,Europe,39,227.4,male,42km
512,USA,Americas,48,227.45,male,42km
513,CHE,Europe,41,227.48333333333335,male,42km
514,JPN,Asia,24,227.48333333333335,male,42km
515,CHE,Europe,32,227.5,male,42km
516,FIN,Europe,26,227.56666666666666,male,42km
517,GBR,Europe,68,227.61666666666667,male,42km
518,CHE,Europe,48,227.85,male,42km
519,CHE,Europe,39,227.86666666666667,male,42km
520,CHE,Europe,31,227.89999999999998,male,42km
521,FRA,Europe,48,227.96666666666667,female,42km
522,USA,Americas,34,228.2,female,42km
523,NLD,Europe,49,228.2,male,42km
524,CHE,Europe,21,228.26666666666665,male,42km
525,BEL,Europe,52,228.35,male,42km
526,CHE,Europe,25,228.36666666666667,female,42km
527,FRA,Europe,19,228.39999999999998,male,42km
528,FRA,Europe,42,228.39999999999998,female,42km
529,CHE,Europe,37,228.51666666666665,male,42km
530,FRA,Europe,34,228.53333333333333,male,42km
531,FRA,Europe,37,228.7,male,42km
532,CHE,Europe,39,229.1,male,42km
533,CHE,Europe,51,229.2,male,42km
534,CHE,Europe,48,229.25,male,42km
535,HUN,Europe,32,229.25,male,42km
536,DEU,Europe,38,229.36666666666667,female,42km
537,RUS,Europe,38,229.45,female,42km
538,FRA,Europe,48,229.5,male,42km
539,FRA,Europe,47,229.51666666666665,male,42km
540,FRA,Europe,40,229.56666666666666,male,42km
541,DEU,Europe,51,229.63333333333333,male,42km
542,CHE,Europe,34,229.71666666666667,male,42km
543,FRA,Europe,38,229.71666666666667,male,42km
544,FRA,Europe,43,229.73333333333335,male,42km
545,CHE,Europe,47,229.8,male,42km
546,SWE,Europe,56,230.08333333333334,male,42km
547,CHE,Europe,41,230.28333333333333,male,42km
548,ZAF,Africa,44,230.43333333333334,male,42km
549,NOR,Europe,24,230.43333333333334,female,42km
550,BEL,Europe,27,230.45,male,42km
551,CHE,Europe,22,230.53333333333336,female,42km
552,CHE,Europe,32,230.58333333333331,male,42km
553,CHE,Europe,32,230.6,female,42km
554,CHE,Europe,23,230.61666666666667,male,42km
555,CHE,Europe,43,230.65,male,42km
556,UKR,Europe,36,230.71666666666667,male,42km
557,FRA,Europe,43,230.8,female,42km
558,CHE,Europe,39,230.8,male,42km
559,CHE,Europe,30,230.81666666666666,male,42km
560,FRA,Europe,23,230.86666666666667,male,42km
561,DEU,Europe,46,231.05,male,42km
562,FRA,Europe,43,231.05,male,42km
563,ITA,Europe,36,231.06666666666666,female,42km
564,CHE,Europe,40,231.16666666666666,male,42km
565,GBR,Europe,49,231.18333333333334,female,42km
566,CHE,Europe,45,231.23333333333335,male,42km
567,FRA,Europe,50,231.25,male,42km
568,FRA,Europe,27,231.4,male,42km
569,BEL,Europe,36,231.53333333333333,male,42km
570,FRA,Europe,57,231.61666666666667,male,42km
571,FRA,Europe,39,231.65,male,42km
572,POL,Europe,42,231.7,male,42km
573,GBR,Europe,42,231.73333333333332,male,42km
574,FRA,Europe,23,231.75,male,42km
575,IRL,Europe,39,231.8,female,42km
576,CHE,Europe,24,231.95000000000002,male,42km
577,GBR,Europe,44,232.03333333333333,female,42km
578,ITA,Europe,47,232.13333333333333,male,42km
579,CHE,Europe,21,232.45,female,42km
580,CHE,Europe,55,232.46666666666667,male,42km
581,PRT,Europe,61,232.51666666666665,male,42km
582,FRA,Europe,42,232.53333333333333,male,42km
583,ESP,Europe,70,232.61666666666667,male,42km
584,DEU,Europe,66,232.7,male,42km
585,IRL,Europe,50,232.73333333333335,male,42km
586,CHE,Europe,36,232.8,male,42km
587,USA,Americas,43,232.81666666666666,male,42km
588,CHE,Europe,22,232.85,male,42km
589,CHE,Europe,49,232.85000000000002,male,42km
590,CHN,Asia,38,232.86666666666667,male,42km
591,DEU,Europe,36,232.91666666666666,male,42km
592,FRA,Europe,45,232.98333333333335,male,42km
593,CHE,Europe,40,232.98333333333335,male,42km
594,FRA,Europe,47,233.10000000000002,female,42km
595,ITA,Europe,40,233.10000000000002,male,42km
596,CHE,Europe,41,233.16666666666669,male,42km
597,CHE,Europe,38,233.16666666666669,male,42km
598,CHE,Europe,45,233.21666666666667,male,42km
599,NLD,Europe,58,233.21666666666667,male,42km
600,FRA,Europe,29,233.28333333333333,male,42km
601,CHE,Europe,25,233.28333333333336,male,42km
602,DEU,Europe,39,233.33333333333334,female,42km
603,GBR,Europe,33,233.38333333333333,female,42km
604,POL,Europe,41,233.51666666666665,male,42km
605,ITA,Europe,40,233.55,male,42km
606,ESP,Europe,35,233.55,male,42km
607,FRA,Europe,45,233.65,male,42km
608,FRA,Europe,38,233.66666666666669,male,42km
609,FRA,Europe,51,233.8,female,42km
610,BEL,Europe,48,234.0,male,42km
611,CHE,Europe,37,234.11666666666667,male,42km
612,FRA,Europe,64,234.13333333333333,male,42km
613,FRA,Europe,31,234.25,male,42km
614,HUN,Europe,25,234.25,male,42km
615,ITA,Europe,29,234.25,female,42km
616,ITA,Europe,37,234.33333333333331,male,42km
617,CHE,Europe,41,234.35,female,42km
618,FRA,Europe,58,234.4,male,42km
619,POL,Europe,50,234.48333333333335,male,42km
620,FRA,Europe,44,234.48333333333335,male,42km
621,CHE,Europe,26,234.5,male,42km
622,FRA,Europe,18,234.55,male,42km
623,CHE,Europe,48,234.56666666666666,male,42km
624,CHE,Europe,48,234.61666666666667,male,42km
625,NOR,Europe,28,234.65,male,42km
626,CHE,Europe,21,234.71666666666664,male,42km
627,CHE,Europe,35,234.95,male,42km
628,CHE,Europe,47,234.95,male,42km
629,CHE,Europe,52,235.0,male,42km
630,FRA,Europe,19,235.0,male,42km
631,FRA,Europe,54,235.16666666666666,male,42km
632,FRA,Europe,30,235.16666666666666,male,42km
633,FRA,Europe,41,235.21666666666667,male,42km
634,FRA,Europe,37,235.35000000000002,male,42km
635,CHE,Europe,42,235.36666666666667,male,42km
636,CHE,Europe,24,235.4,male,42km
637,CHE,Europe,38,235.56666666666666,male,42km
638,CHE,Europe,45,235.64999999999998,male,42km
639,CHE,Europe,44,235.68333333333334,male,42km
640,FRA,Europe,38,235.71666666666667,male,42km
641,CHE,Europe,47,235.75,male,42km
642,USA,Americas,39,235.76666666666665,female,42km
643,BEL,Europe,41,235.76666666666665,male,42km
644,BEL,Europe,42,235.78333333333333,male,42km
645,FRA,Europe,38,235.78333333333336,male,42km
646,ITA,Europe,61,235.86666666666667,male,42km
647,CHE,Europe,43,235.93333333333334,male,42km
648,CHE,Europe,25,235.95,male,42km
649,FRA,Europe,33,236.2,male,42km
650,CHE,Europe,31,236.21666666666667,female,42km
651,FRA,Europe,40,236.28333333333336,male,42km
652,JPN,Asia,36,236.3,male,42km
653,CHE,Europe,43,236.33333333333331,male,42km
654,CHE,Europe,26,236.35,male,42km
655,FRA,Europe,52,236.46666666666667,male,42km
656,POL,Europe,44,236.51666666666665,male,42km
657,CHE,Europe,42,236.51666666666665,female,42km
658,FRA,Europe,52,236.55,female,42km
659,ESP,Europe,39,236.56666666666666,male,42km
660,FRA,Europe,49,236.65,male,42km
661,FRA,Europe,36,236.68333333333334,female,42km
662,FRA,Europe,57,236.7,male,42km
663,CHE,Europe,29,236.75,male,42km
664,GBR,Europe,62,236.78333333333333,male,42km
665,DEU,Europe,40,236.88333333333333,female,42km
666,ESP,Europe,42,236.93333333333334,male,42km
667,ESP,Europe,55,236.95,male,42km
668,CHE,Europe,31,236.98333333333335,male,42km
669,CHE,Europe,25,237.03333333333333,male,42km
670,CHE,Europe,54,237.05,male,42km
671,FRA,Europe,46,237.06666666666666,male,42km
672,CHE,Europe,52,237.08333333333334,male,42km
673,FRA,Europe,48,237.14999999999998,male,42km
674,CHE,Europe,42,237.2,male,42km
675,FRA,Europe,48,237.35,male,42km
676,CHE,Europe,28,237.36666666666667,male,42km
677,FRA,Europe,32,237.39999999999998,male,42km
678,CHE,Europe,39,237.39999999999998,male,42km
679,FRA,Europe,31,237.43333333333334,male,42km
680,FRA,Europe,46,237.45,male,42km
681,FRA,Europe,53,237.5,male,42km
682,CHE,Europe,22,237.5,female,42km
683,CHE,Europe,39,237.5,male,42km
684,FRA,Europe,55,237.5,male,42km
685,CHE,Europe,48,237.53333333333333,male,42km
686,MEX,Americas,40,237.55,male,42km
687,CHE,Europe,45,237.61666666666667,male,42km
688,CHE,Europe,26,237.64999999999998,female,42km
689,CHE,Europe,40,237.65,male,42km
690,FRA,Europe,45,237.66666666666666,male,42km
691,CHE,Europe,38,237.66666666666669,male,42km
692,CHE,Europe,50,237.73333333333335,male,42km
693,CHE,Europe,23,237.76666666666665,male,42km
694,FRA,Europe,31,237.76666666666665,male,42km
695,CHE,Europe,41,237.85,male,42km
696,CHE,Europe,58,237.85,male,42km
697,FRA,Europe,46,237.86666666666667,male,42km
698,CHE,Europe,25,237.86666666666667,female,42km
699,FRA,Europe,30,237.88333333333333,male,42km
700,CHE,Europe,19,237.88333333333333,female,42km
701,FRA,Europe,27,237.9,male,42km
702,PRT,Europe,55,237.91666666666669,female,42km
703,CHE,Europe,45,237.93333333333334,male,42km
704,FRA,Europe,37,237.95000000000002,male,42km
705,RUS,Europe,42,238.0,male,42km
706,FRA,Europe,39,238.03333333333333,male,42km
707,CHE,Europe,37,238.05,male,42km
708,CHE,Europe,46,238.05,male,42km
709,CHE,Europe,49,238.06666666666666,male,42km
710,CHE,Europe,36,238.06666666666666,male,42km
711,HUN,Europe,34,238.06666666666666,female,42km
712,CHE,Europe,65,238.08333333333331,male,42km
713,CHE,Europe,28,238.10000000000002,male,42km
714,CHE,Europe,26,238.13333333333333,male,42km
715,CHE,Europe,27,238.16666666666666,male,42km
716,CHE,Europe,31,238.16666666666666,female,42km
717,CHE,Europe,30,238.16666666666666,female,42km
718,CHE,Europe,37,238.23333333333335,female,42km
719,CHE,Europe,59,238.26666666666665,male,42km
720,CHE,Europe,57,238.26666666666668,male,42km
721,FRA,Europe,47,238.31666666666666,male,42km
722,FRA,Europe,50,238.33333333333334,female,42km
723,FRA,Europe,40,238.35,male,42km
724,CHE,Europe,31,238.35000000000002,male,42km
725,FRA,Europe,46,238.43333333333334,male,42km
726,CHE,Europe,33,238.45,male,42km
727,IRL,Europe,36,238.55,female,42km
728,CHE,Europe,26,238.60000000000002,female,42km
729,CHE,Europe,31,238.68333333333334,male,42km
730,ITA,Europe,45,238.7,male,42km
731,CHE,Europe,48,238.75,male,42km
732,CHE,Europe,55,238.75,male,42km
733,FRA,Europe,51,238.81666666666666,female,42km
734,CHE,Europe,29,238.91666666666669,male,42km
735,DEU,Europe,28,238.91666666666669,male,42km
736,CHE,Europe,41,239.05,male,42km
737,RUS,Europe,29,239.1,male,42km
738,CHE,Europe,36,239.13333333333333,female,42km
739,CHE,Europe,54,239.23333333333335,male,42km
740,FRA,Europe,42,239.38333333333333,female,42km
741,PRT,Europe,38,239.41666666666669,male,42km
742,CHE,Europe,24,239.48333333333335,male,42km
743,CHE,Europe,24,239.61666666666667,male,42km
744,FRA,Europe,40,239.75,female,42km
745,POL,Europe,37,239.76666666666665,male,42km
746,FRA,Europe,48,239.8,male,42km
747,FRA,Europe,36,239.83333333333331,male,42km
748,ITA,Europe,45,239.86666666666667,male,42km
749,FRA,Europe,48,239.95,male,42km
750,CHE,Europe,35,239.96666666666667,male,42km
751,FIN,Europe,28,239.98333333333335,male,42km
752,CHE,Europe,67,239.98333333333335,male,42km
753,ESP,Europe,40,240.2,male,42km
754,FRA,Europe,62,240.31666666666666,male,42km
755,DEU,Europe,50,240.36666666666667,male,42km
756,DEU,Europe,58,240.38333333333333,male,42km
757,CHE,Europe,45,240.4,male,42km
758,BEL,Europe,55,240.43333333333334,female,42km
759,FRA,Europe,39,240.51666666666665,male,42km
760,CHE,Europe,27,240.55,male,42km
761,FRA,Europe,42,240.58333333333334,female,42km
762,FRA,Europe,51,240.68333333333334,male,42km
763,CHE,Europe,34,240.7,male,42km
764,CHE,Europe,50,240.75,male,42km
765,AUT,Europe,46,240.75,male,42km
766,CHE,Europe,44,240.86666666666667,male,42km
767,CHE,Europe,47,240.91666666666669,male,42km
768,FRA,Europe,44,240.98333333333335,male,42km
769,FRA,Europe,31,240.98333333333335,male,42km
770,FRA,Europe,36,241.0,female,42km
771,FRA,Europe,44,241.26666666666665,male,42km
772,GBR,Europe,33,241.66666666666669,male,42km
773,CHE,Europe,47,241.73333333333335,male,42km
774,ITA,Europe,59,241.81666666666666,male,42km
775,FRA,Europe,41,241.83333333333331,female,42km
776,FRA,Europe,28,241.86666666666667,male,42km
777,FRA,Europe,50,241.91666666666669,male,42km
778,CHE,Europe,32,241.91666666666669,male,42km
779,FRA,Europe,54,241.93333333333334,male,42km
780,BEL,Europe,43,241.95,female,42km
781,FRA,Europe,44,241.98333333333335,female,42km
782,FRA,Europe,36,242.08333333333334,female,42km
783,CHE,Europe,57,242.13333333333333,male,42km
784,AZE,Asia,41,242.14999999999998,male,42km
785,CHE,Europe,27,242.26666666666665,male,42km
786,FRA,Europe,45,242.26666666666665,female,42km
787,ARG,Americas,40,242.28333333333336,male,42km
788,FRA,Europe,55,242.53333333333333,male,42km
789,CHE,Europe,54,242.6,male,42km
790,DEU,Europe,49,242.66666666666666,female,42km
791,FRA,Europe,44,243.1,male,42km
792,CHE,Europe,59,243.21666666666667,male,42km
793,FRA,Europe,39,243.60000000000002,male,42km
794,FRA,Europe,32,243.63333333333333,male,42km
795,FRA,Europe,42,243.93333333333334,male,42km
796,CHE,Europe,27,243.96666666666667,female,42km
797,CHE,Europe,50,243.9666666666667,male,42km
798,FRA,Europe,19,244.2,male,42km
799,AUS,Oceania,45,244.26666666666665,male,42km
800,CHE,Europe,32,244.38333333333333,male,42km
801,FRA,Europe,34,244.55,male,42km
802,CHE,Europe,33,244.68333333333334,female,42km
803,BEL,Europe,46,244.73333333333335,female,42km
804,CHE,Europe,51,244.85,male,42km
805,BEL,Europe,56,244.95,male,42km
806,FRA,Europe,31,245.01666666666665,male,42km
807,FRA,Europe,34,245.1,female,42km
808,CHE,Europe,42,245.2166666666667,male,42km
809,FRA,Europe,36,245.23333333333335,male,42km
810,HUN,Europe,30,245.31666666666666,female,42km
811,DEU,Europe,58,245.53333333333333,male,42km
812,CHE,Europe,48,245.56666666666666,male,42km
813,GBR,Europe,33,245.60000000000002,female,42km
814,DEU,Europe,42,245.71666666666664,male,42km
815,CHE,Europe,52,245.73333333333335,male,42km
816,DEU,Europe,23,245.91666666666669,male,42km
817,FRA,Europe,34,246.16666666666669,male,42km
818,FRA,Europe,55,246.18333333333334,female,42km
819,FRA,Europe,44,246.36666666666667,male,42km
820,CHE,Europe,52,246.46666666666667,male,42km
821,CHE,Europe,24,246.4666666666667,female,42km
822,CHE,Europe,28,246.48333333333335,male,42km
823,FRA,Europe,59,246.55,male,42km
824,CHE,Europe,25,246.63333333333333,male,42km
825,CHE,Europe,51,247.06666666666666,male,42km
826,CHE,Europe,37,247.06666666666666,male,42km
827,FRA,Europe,19,247.16666666666666,male,42km
828,CHE,Europe,31,247.35000000000002,female,42km
829,FRA,Europe,40,247.43333333333334,female,42km
830,FRA,Europe,44,247.43333333333334,female,42km
831,DEU,Europe,30,247.51666666666665,male,42km
832,CHE,Europe,30,247.53333333333333,female,42km
833,CHE,Europe,52,247.68333333333334,male,42km
834,NLD,Europe,40,247.86666666666667,female,42km
835,FRA,Europe,41,247.9,male,42km
836,USA,Americas,26,248.03333333333336,female,42km
837,MEX,Americas,32,248.03333333333336,male,42km
838,DZA,Africa,43,248.13333333333333,male,42km
839,CHE,Europe,58,248.2166666666667,male,42km
840,CHE,Europe,42,248.43333333333334,male,42km
841,DEU,Europe,56,248.48333333333332,male,42km
842,CHE,Europe,55,248.48333333333335,male,42km
843,CHE,Europe,47,248.5,male,42km
844,ROU,Europe,45,248.83333333333334,female,42km
845,FRA,Europe,29,248.93333333333334,female,42km
846,CAN,Americas,26,249.01666666666665,female,42km
847,CHE,Europe,39,249.0333333333333,male,42km
848,HUN,Europe,45,249.06666666666666,male,42km
849,CHE,Europe,36,249.11666666666667,male,42km
850,DNK,Europe,50,249.20000000000002,male,42km
851,CHE,Europe,39,249.23333333333332,female,42km
852,CHE,Europe,24,249.33333333333331,female,42km
853,FRA,Europe,30,249.35,female,42km
854,CHE,Europe,50,249.35,male,42km
855,FRA,Europe,57,249.35000000000002,male,42km
856,RUS,Europe,36,249.43333333333334,male,42km
857,CHE,Europe,23,249.56666666666666,female,42km
858,BEL,Europe,53,249.73333333333335,male,42km
859,CHE,Europe,52,249.73333333333335,male,42km
860,BEL,Europe,53,249.78333333333333,female,42km
861,FRA,Europe,29,249.81666666666666,female,42km
862,FRA,Europe,56,249.81666666666666,male,42km
863,FRA,Europe,32,249.88333333333333,female,42km
864,ESP,Europe,27,250.16666666666669,male,42km
865,CHE,Europe,22,250.23333333333335,male,42km
866,GBR,Europe,24,250.36666666666667,male,42km
867,CHE,Europe,26,250.5,male,42km
868,CHE,Europe,31,250.6,female,42km
869,DEU,Europe,35,250.61666666666667,female,42km
870,CHE,Europe,26,250.63333333333333,male,42km
871,FRA,Europe,36,250.63333333333333,male,42km
872,GBR,Europe,25,250.73333333333335,male,42km
873,CHE,Europe,51,250.7833333333333,male,42km
874,FRA,Europe,48,250.8,male,42km
875,GBR,Europe,50,250.8,female,42km
876,CHE,Europe,43,250.88333333333333,male,42km
877,ITA,Europe,36,250.89999999999998,male,42km
878,FRA,Europe,38,250.93333333333334,female,42km
879,FRA,Europe,40,251.0,male,42km
880,CHE,Europe,34,251.04999999999998,female,42km
881,BEL,Europe,28,251.11666666666667,male,42km
882,CHE,Europe,35,251.14999999999998,male,42km
883,FRA,Europe,42,251.16666666666666,female,42km
884,FRA,Europe,41,251.20000000000002,male,42km
885,GBR,Europe,39,251.43333333333334,male,42km
886,USA,Americas,24,251.58333333333331,male,42km
887,CHE,Europe,26,251.65,female,42km
888,CHE,Europe,57,251.88333333333333,female,42km
889,CHE,Europe,46,251.95,male,42km
890,CHE,Europe,25,251.98333333333332,male,42km
891,CHE,Europe,46,252.0,male,42km
892,FRA,Europe,38,252.38333333333333,female,42km
893,FRA,Europe,62,252.46666666666667,male,42km
894,POL,Europe,42,252.48333333333332,male,42km
895,CHE,Europe,43,252.5,male,42km
896,CHE,Europe,26,252.5,female,42km
897,CHE,Europe,35,252.51666666666665,male,42km
898,CHE,Europe,19,252.63333333333333,male,42km
899,CHE,Europe,28,252.7,male,42km
900,FRA,Europe,53,252.8,female,42km
901,FRA,Europe,60,252.83333333333331,male,42km
902,FRA,Europe,55,252.85,male,42km
903,CHE,Europe,49,253.11666666666667,male,42km
904,CHE,Europe,59,253.16666666666669,male,42km
905,CHE,Europe,47,253.18333333333334,female,42km
906,CHE,Europe,47,253.18333333333334,male,42km
907,FRA,Europe,29,253.23333333333335,male,42km
908,CHE,Europe,64,253.26666666666665,male,42km
909,CHE,Europe,45,253.28333333333333,male,42km
910,FRA,Europe,29,253.51666666666668,male,42km
911,FRA,Europe,45,253.58333333333334,male,42km
912,CHE,Europe,20,253.64999999999998,male,42km
913,AUT,Europe,51,253.68333333333334,male,42km
914,DEU,Europe,44,253.71666666666667,male,42km
915,RSK,,46,253.9,male,42km
916,FRA,Europe,38,254.06666666666666,male,42km
917,FRA,Europe,54,254.25,male,42km
918,CHE,Europe,50,254.31666666666666,male,42km
919,FRA,Europe,28,254.45,male,42km
920,CHE,Europe,34,254.45,male,42km
921,FRA,Europe,59,254.46666666666664,male,42km
922,BEL,Europe,54,254.51666666666665,male,42km
923,FRA,Europe,43,254.61666666666667,male,42km
924,CHE,Europe,28,254.91666666666666,female,42km
925,FRA,Europe,43,254.93333333333334,male,42km
926,FRA,Europe,50,254.96666666666664,female,42km
927,FRA,Europe,44,255.3,male,42km
928,CHE,Europe,46,255.38333333333333,male,42km
929,CHE,Europe,45,255.56666666666666,female,42km
930,FRA,Europe,38,255.65,male,42km
931,CHE,Europe,44,255.83333333333334,male,42km
932,CHE,Europe,24,255.91666666666669,male,42km
933,FRA,Europe,32,255.95,male,42km
934,CHE,Europe,31,256.1333333333333,male,42km
935,FRA,Europe,46,256.6,female,42km
936,FRA,Europe,34,256.68333333333334,male,42km
937,CHE,Europe,26,256.8666666666667,male,42km
938,CHE,Europe,47,256.98333333333335,male,42km
939,FRA,Europe,46,257.21666666666664,male,42km
940,DEU,Europe,40,257.2166666666667,female,42km
941,FRA,Europe,22,257.35,male,42km
942,BEL,Europe,46,257.3666666666667,male,42km
943,THA,Asia,43,257.6,male,42km
944,CHE,Europe,44,257.75,male,42km
945,CHE,Europe,42,258.01666666666665,female,42km
946,FRA,Europe,50,258.3833333333333,male,42km
947,JPN,Asia,52,258.68333333333334,male,42km
948,PRT,Europe,35,258.73333333333335,female,42km
949,CHE,Europe,51,258.76666666666665,male,42km
950,CHE,Europe,57,258.7833333333333,female,42km
951,GBR,Europe,27,259.01666666666665,male,42km
952,FRA,Europe,54,259.1,male,42km
953,CHE,Europe,35,259.2,male,42km
954,ITA,Europe,45,259.2833333333333,female,42km
955,CHE,Europe,48,259.4,male,42km
956,CHE,Europe,60,259.4,male,42km
957,FRA,Europe,33,259.48333333333335,male,42km
958,FRA,Europe,44,259.48333333333335,male,42km
959,DEU,Europe,28,259.5333333333333,male,42km
960,CHE,Europe,50,259.5833333333333,male,42km
961,CHE,Europe,43,259.6666666666667,male,42km
962,CHE,Europe,37,259.83333333333337,female,42km
963,FRA,Europe,39,259.96666666666664,male,42km
964,CHE,Europe,41,260.0,male,42km
965,CHE,Europe,34,260.0,male,42km
966,HUN,Europe,64,260.16666666666663,female,42km
967,CHE,Europe,20,260.2,male,42km
968,BEL,Europe,49,260.2166666666667,female,42km
969,CHE,Europe,57,260.23333333333335,male,42km
970,CHE,Europe,51,260.31666666666666,male,42km
971,CHE,Europe,32,260.33333333333337,female,42km
972,CHE,Europe,29,260.6333333333333,male,42km
973,DEU,Europe,44,260.81666666666666,male,42km
974,FRA,Europe,33,260.8833333333333,male,42km
975,CHE,Europe,30,260.93333333333334,male,42km
976,ITA,Europe,62,260.93333333333334,male,42km
977,FRA,Europe,26,260.95,male,42km
978,FRA,Europe,52,261.2,male,42km
979,FRA,Europe,51,261.4,male,42km
980,FRA,Europe,27,261.56666666666666,male,42km
981,CHE,Europe,60,261.6,male,42km
982,CHE,Europe,29,261.6,male,42km
983,FRA,Europe,68,261.6166666666667,male,42km
984,FRA,Europe,30,261.75,male,42km
985,FRA,Europe,57,261.85,female,42km
986,FRA,Europe,38,261.93333333333334,male,42km
987,FRA,Europe,44,261.9666666666667,female,42km
988,CHE,Europe,28,262.01666666666665,female,42km
989,FRA,Europe,35,262.06666666666666,female,42km
990,FRA,Europe,42,262.08333333333337,female,42km
991,CHE,Europe,44,262.1166666666667,male,42km
992,CHE,Europe,68,262.15,male,42km
993,ITA,Europe,42,262.18333333333334,female,42km
994,FRA,Europe,28,262.45,female,42km
995,FRA,Europe,26,262.5,female,42km
996,BRA,Americas,45,262.5833333333333,male,42km
997,IND,Asia,22,262.65,male,42km
998,CHE,Europe,40,262.6666666666667,male,42km
999,CHE,Europe,41,262.6666666666667,male,42km
1000,FRA,Europe,53,262.7166666666667,male,42km
1001,TUR,Asia,47,262.91666666666663,male,42km
1002,FRA,Europe,38,263.1,female,42km
1003,CHE,Europe,49,263.15000000000003,male,42km
1004,CHE,Europe,31,263.3833333333333,female,42km
1005,CHE,Europe,31,263.4,female,42km
1006,THA,Asia,50,263.6833333333333,male,42km
1007,CHE,Europe,37,263.7,male,42km
1008,CHE,Europe,18,263.8,female,42km
1009,POL,Europe,43,263.85,male,42km
1010,FRA,Europe,35,264.3666666666667,female,42km
1011,FRA,Europe,46,264.3833333333333,male,42km
1012,FRA,Europe,46,264.4,male,42km
1013,FRA,Europe,33,264.48333333333335,male,42km
1014,CHE,Europe,45,264.48333333333335,male,42km
1015,PRT,Europe,36,264.6166666666667,male,42km
1016,CHE,Europe,31,264.6333333333333,female,42km
1017,CHE,Europe,50,264.98333333333335,male,42km
1018,CHE,Europe,30,264.98333333333335,female,42km
1019,ITA,Europe,46,265.06666666666666,female,42km
1020,DEU,Europe,52,265.06666666666666,male,42km
1021,CHE,Europe,23,265.06666666666666,male,42km
1022,CHE,Europe,24,265.31666666666666,female,42km
1023,DEU,Europe,29,265.46666666666664,female,42km
1024,CHE,Europe,38,265.4666666666667,male,42km
1025,CHE,Europe,46,265.81666666666666,female,42km
1026,FRA,Europe,24,265.81666666666666,male,42km
1027,CHE,Europe,36,265.95,male,42km
1028,CHE,Europe,24,266.0,female,42km
1029,ESP,Europe,48,266.0333333333333,male,42km
1030,DEU,Europe,59,266.03333333333336,female,42km
1031,CHE,Europe,21,266.1166666666667,female,42km
1032,GBR,Europe,52,266.15,male,42km
1033,CHE,Europe,42,266.31666666666666,male,42km
1034,USA,Americas,46,266.31666666666666,male,42km
1035,CHE,Europe,30,266.33333333333337,female,42km
1036,CHE,Europe,32,266.3666666666667,male,42km
1037,FRA,Europe,67,266.4166666666667,male,42km
1038,CAN,Americas,53,266.76666666666665,male,42km
1039,GBR,Europe,50,266.7833333333333,female,42km
1040,ITA,Europe,39,266.79999999999995,male,42km
1041,CHE,Europe,41,266.9,male,42km
1042,CHE,Europe,48,266.96666666666664,male,42km
1043,CHE,Europe,45,267.0,male,42km
1044,JAM,Americas,52,267.8666666666667,male,42km
1045,CHE,Europe,43,267.9166666666667,female,42km
1046,CHE,Europe,25,268.01666666666665,male,42km
1047,FRA,Europe,49,268.2166666666667,male,42km
1048,CHE,Europe,43,268.3666666666667,male,42km
1049,CHE,Europe,50,268.6166666666667,male,42km
1050,FRA,Europe,35,268.6333333333333,male,42km
1051,CHE,Europe,48,268.8833333333333,female,42km
1052,FRA,Europe,56,268.9,female,42km
1053,CHN,Asia,37,268.9,male,42km
1054,SOM,Africa,33,268.91666666666663,male,42km
1055,CHE,Europe,52,268.9666666666667,female,42km
1056,PRT,Europe,41,269.08333333333337,male,42km
1057,DEU,Europe,41,269.1166666666667,male,42km
1058,GBR,Europe,45,269.1166666666667,male,42km
1059,BRA,Americas,28,269.25,female,42km
1060,CHE,Europe,58,269.31666666666666,female,42km
1061,CHE,Europe,20,269.33333333333337,male,42km
1062,FRA,Europe,47,269.35,female,42km
1063,CHE,Europe,19,269.45,male,42km
1064,CHE,Europe,51,269.7,male,42km
1065,RUS,Europe,37,269.79999999999995,male,42km
1066,CHE,Europe,58,269.85,male,42km
1067,FRA,Europe,38,269.93333333333334,male,42km
1068,FRA,Europe,51,269.96666666666664,male,42km
1069,FRA,Europe,57,269.98333333333335,male,42km
1070,SWE,Europe,31,270.15,male,42km
1071,CHE,Europe,32,270.21666666666664,male,42km
1072,FRA,Europe,40,270.26666666666665,male,42km
1073,USA,Americas,27,270.3666666666667,male,42km
1074,FRA,Europe,55,270.4166666666667,male,42km
1075,FRA,Europe,33,270.6,male,42km
1076,FRA,Europe,44,270.68333333333334,female,42km
1077,RUS,Europe,32,270.70000000000005,male,42km
1078,FRA,Europe,57,270.76666666666665,male,42km
1079,BEL,Europe,29,270.83333333333337,female,42km
1080,BEL,Europe,35,270.85,male,42km
1081,CHE,Europe,31,271.0,male,42km
1082,FRA,Europe,22,271.01666666666665,female,42km
1083,FRA,Europe,40,271.08333333333337,female,42km
1084,CHE,Europe,41,271.3333333333333,male,42km
1085,FRA,Europe,40,271.5,male,42km
1086,CHE,Europe,38,271.75,male,42km
1087,CHE,Europe,37,271.8833333333333,male,42km
1088,CHE,Europe,23,271.8833333333333,male,42km
1089,FRA,Europe,36,271.8833333333333,male,42km
1090,FRA,Europe,57,272.03333333333336,male,42km
1091,JPN,Asia,37,272.06666666666666,male,42km
1092,DEU,Europe,31,272.2,female,42km
1093,DEU,Europe,34,272.2166666666667,male,42km
1094,FRA,Europe,30,272.3833333333333,male,42km
1095,FRA,Europe,45,272.4,male,42km
1096,FRA,Europe,30,272.4,male,42km
1097,CHE,Europe,55,272.4,male,42km
1098,CHE,Europe,48,272.4666666666667,male,42km
1099,ITA,Europe,45,272.56666666666666,male,42km
1100,FRA,Europe,50,273.25,male,42km
1101,CHE,Europe,51,273.55,male,42km
1102,CHE,Europe,44,274.06666666666666,male,42km
1103,FRA,Europe,33,274.06666666666666,male,42km
1104,FRA,Europe,54,274.7,male,42km
1105,USA,Americas,40,275.0333333333333,female,42km
1106,CHE,Europe,47,275.03333333333336,male,42km
1107,CHE,Europe,37,275.06666666666666,male,42km
1108,ESP,Europe,54,275.31666666666666,male,42km
1109,FRA,Europe,51,275.35,female,42km
1110,FRA,Europe,54,275.51666666666665,male,42km
1111,CHE,Europe,48,275.5333333333333,female,42km
1112,FRA,Europe,54,275.5333333333333,female,42km
1113,FRA,Europe,47,275.65,female,42km
1114,ECU,Americas,52,275.7,male,42km
1115,POL,Europe,38,275.73333333333335,female,42km
1116,CHE,Europe,25,275.7833333333333,male,42km
1117,FRA,Europe,43,275.8,male,42km
1118,CHE,Europe,41,276.01666666666665,male,42km
1119,CHE,Europe,49,276.05,male,42km
1120,FRA,Europe,42,276.1333333333333,male,42km
1121,FRA,Europe,46,276.18333333333334,male,42km
1122,FRA,Europe,62,276.2,male,42km
1123,FRA,Europe,34,276.21666666666664,male,42km
1124,FRA,Europe,53,276.35,male,42km
1125,CHE,Europe,63,276.35,male,42km
1126,FRA,Europe,51,276.3666666666667,male,42km
1127,FRA,Europe,52,276.66666666666663,male,42km
1128,DEU,Europe,28,276.7,male,42km
1129,FRA,Europe,42,276.7166666666667,female,42km
1130,FRA,Europe,45,276.8,female,42km
1131,CHE,Europe,40,276.9,female,42km
1132,CHE,Europe,56,276.9,male,42km
1133,USA,Americas,45,277.0,male,42km
1134,CHE,Europe,45,277.1333333333333,male,42km
1135,AUT,Europe,38,277.65000000000003,male,42km
1136,CHE,Europe,20,278.2166666666667,male,42km
1137,PHL,Asia,30,278.4666666666667,female,42km
1138,CHN,Asia,27,278.5333333333333,male,42km
1139,CHE,Europe,48,278.7,male,42km
1140,FRA,Europe,42,278.93333333333334,female,42km
1141,JPN,Asia,53,278.93333333333334,male,42km
1142,CHE,Europe,57,279.0,male,42km
1143,FRA,Europe,48,279.0333333333333,male,42km
1144,CAN,Americas,33,279.1333333333333,female,42km
1145,CHE,Europe,40,279.1833333333333,male,42km
1146,CHE,Europe,19,279.3666666666667,male,42km
1147,CHE,Europe,26,279.65,male,42km
1148,CHE,Europe,54,279.6666666666667,male,42km
1149,FRA,Europe,36,279.68333333333334,male,42km
1150,FRA,Europe,33,279.83333333333337,male,42km
1151,CHE,Europe,49,279.91666666666663,male,42km
1152,POL,Europe,31,280.0833333333333,male,42km
1153,FRA,Europe,52,280.1666666666667,female,42km
1154,CIV,Africa,46,280.25,female,42km
1155,CHE,Europe,25,280.48333333333335,male,42km
1156,FRA,Europe,49,280.53333333333336,male,42km
1157,GBR,Europe,31,280.7166666666667,female,42km
1158,FRA,Europe,33,280.73333333333335,male,42km
1159,GBR,Europe,30,280.76666666666665,female,42km
1160,CHE,Europe,28,280.7833333333333,female,42km
1161,FRA,Europe,40,280.91666666666663,female,42km
1162,POL,Europe,45,281.31666666666666,male,42km
1163,CHE,Europe,54,281.45,male,42km
1164,GBR,Europe,44,281.45000000000005,male,42km
1165,DEU,Europe,50,281.7166666666667,male,42km
1166,JPN,Asia,48,282.0,male,42km
1167,FRA,Europe,50,282.0333333333333,male,42km
1168,FRA,Europe,37,282.2,male,42km
1169,DEU,Europe,44,282.3666666666667,female,42km
1170,FRA,Europe,47,282.3833333333333,female,42km
1171,USA,Americas,23,282.41666666666663,male,42km
1172,FRA,Europe,38,282.55,female,42km
1173,CHE,Europe,45,282.75,female,42km
1174,PRT,Europe,39,283.45,male,42km
1175,CHE,Europe,26,283.8666666666667,female,42km
1176,CHE,Europe,27,283.8666666666667,female,42km
1177,CHE,Europe,52,284.01666666666665,male,42km
1178,CHE,Europe,18,284.55,female,42km
1179,CHE,Europe,56,284.5833333333333,female,42km
1180,CHE,Europe,29,284.66666666666663,male,42km
1181,FRA,Europe,55,284.68333333333334,female,42km
1182,CHE,Europe,75,284.7166666666667,male,42km
1183,FRA,Europe,42,284.81666666666666,male,42km
1184,CHE,Europe,36,284.85,male,42km
1185,FRA,Europe,35,285.23333333333335,male,42km
1186,CHE,Europe,60,285.3166666666667,male,42km
1187,CHE,Europe,51,286.25,male,42km
1188,POL,Europe,32,286.25,female,42km
1189,CHE,Europe,31,286.26666666666665,male,42km
1190,CHE,Europe,51,286.48333333333335,male,42km
1191,FRA,Europe,28,286.65,female,42km
1192,CHE,Europe,42,286.7,male,42km
1193,CHE,Europe,38,286.81666666666666,male,42km
1194,USA,Americas,37,287.01666666666665,male,42km
1195,FRA,Europe,37,287.48333333333335,female,42km
1196,ROU,Europe,23,287.48333333333335,male,42km
1197,CAN,Americas,30,287.65,female,42km
1198,CHE,Europe,29,287.95000000000005,male,42km
1199,CHE,Europe,34,288.23333333333335,male,42km
1200,USA,Americas,69,288.41666666666663,male,42km
1201,FRA,Europe,45,288.6166666666667,female,42km
1202,CHE,Europe,49,288.9,male,42km
1203,CHE,Europe,38,288.9,male,42km
1204,CHE,Europe,30,289.1,male,42km
1205,CHE,Europe,53,289.35,female,42km
1206,CHE,Europe,26,289.51666666666665,male,42km
1207,CHE,Europe,20,289.5333333333333,female,42km
1208,CHE,Europe,53,289.6166666666667,male,42km
1209,BRA,Americas,43,289.8,male,42km
1210,CHE,Europe,44,289.81666666666666,male,42km
1211,CHE,Europe,31,290.4166666666667,male,42km
1212,ROU,Europe,40,290.58333333333337,female,42km
1213,CHE,Europe,27,290.75,male,42km
1214,DEU,Europe,48,290.85,male,42km
1215,CHE,Europe,53,290.8833333333333,male,42km
1216,CHE,Europe,63,291.15,male,42km
1217,FRA,Europe,28,292.20000000000005,female,42km
1218,CHE,Europe,43,292.25,female,42km
1219,DEU,Europe,34,292.3833333333333,male,42km
1220,POL,Europe,39,292.75,female,42km
1221,CHE,Europe,31,292.76666666666665,male,42km
1222,CHE,Europe,57,293.05,male,42km
1223,FRA,Europe,41,293.1166666666667,male,42km
1224,FRA,Europe,42,293.3,male,42km
1225,JPN,Asia,31,293.31666666666666,male,42km
1226,JPN,Asia,31,293.3333333333333,female,42km
1227,CHE,Europe,30,293.35,female,42km
1228,CHE,Europe,30,293.3833333333333,female,42km
1229,FRA,Europe,45,293.4333333333333,female,42km
1230,FRA,Europe,61,293.73333333333335,male,42km
1231,FRA,Europe,56,293.81666666666666,male,42km
1232,CHE,Europe,44,295.0,male,42km
1233,FRA,Europe,26,295.91666666666663,male,42km
1234,BEL,Europe,28,296.6,female,42km
1235,CHE,Europe,43,296.8833333333333,male,42km
1236,USA,Americas,52,297.2,female,42km
1237,FRA,Europe,51,297.5,female,42km
1238,FRA,Europe,53,297.68333333333334,male,42km
1239,CHE,Europe,28,297.85,male,42km
1240,FRA,Europe,47,298.05,male,42km
1241,USA,Americas,28,298.45,male,42km
1242,CHE,Europe,26,298.6,female,42km
1243,CHE,Europe,27,298.66666666666663,male,42km
1244,ROU,Europe,32,298.68333333333334,male,42km
1245,CHN,Asia,33,298.79999999999995,male,42km
1246,CHE,Europe,42,299.06666666666666,female,42km
1247,TUR,Asia,34,299.18333333333334,female,42km
1248,CHE,Europe,58,299.25,male,42km
1249,CHE,Europe,33,299.51666666666665,male,42km
1250,ITA,Europe,45,299.55,male,42km
1251,ITA,Europe,42,299.56666666666666,male,42km
1252,FRA,Europe,64,299.6333333333333,female,42km
1253,CHE,Europe,27,300.08333333333337,female,42km
1254,BEL,Europe,34,300.1,male,42km
1255,CHE,Europe,47,300.7166666666667,male,42km
1256,CHE,Europe,36,300.98333333333335,male,42km
1257,CHE,Europe,48,301.4,male,42km
1258,CHE,Europe,24,301.6333333333333,male,42km
1259,CHE,Europe,23,301.7,male,42km
1260,CHE,Europe,25,303.43333333333334,male,42km
1261,CHE,Europe,51,304.0333333333333,male,42km
1262,CHE,Europe,56,304.15,male,42km
1263,FRA,Europe,48,304.26666666666665,male,42km
1264,FRA,Europe,44,304.75,male,42km
1265,CHE,Europe,44,305.1166666666667,male,42km
1266,CHE,Europe,43,306.25,female,42km
1267,DEU,Europe,35,306.5,male,42km
1268,SWE,Europe,25,306.5333333333333,female,42km
1269,FRA,Europe,54,306.56666666666666,male,42km
1270,FRA,Europe,49,306.7166666666667,male,42km
1271,CHE,Europe,58,307.1333333333333,male,42km
1272,CHE,Europe,26,307.4166666666667,male,42km
1273,CHE,Europe,51,307.45000000000005,female,42km
1274,CHE,Europe,32,307.73333333333335,male,42km
1275,FRA,Europe,51,308.31666666666666,male,42km
1276,USA,Americas,39,309.16666666666663,female,42km
1277,CHE,Europe,25,309.2833333333333,male,42km
1278,FRA,Europe,34,309.28333333333336,female,42km
1279,FRA,Europe,35,309.41666666666663,male,42km
1280,CHE,Europe,28,310.4666666666667,male,42km
1281,CHE,Europe,31,310.81666666666666,male,42km
1282,CHE,Europe,32,311.68333333333334,male,42km
1283,FRA,Europe,57,311.75,male,42km
1284,CHE,Europe,53,311.9666666666667,female,42km
1285,USA,Americas,34,312.25,male,42km
1286,CHE,Europe,60,312.3666666666667,female,42km
1287,POL,Europe,52,312.4,male,42km
1288,AUT,Europe,46,312.51666666666665,male,42km
1289,FRA,Europe,40,312.5333333333333,male,42km
1290,FRA,Europe,41,312.6,female,42km
1291,CHE,Europe,58,312.6666666666667,male,42km
1292,THA,Asia,51,312.68333333333334,male,42km
1293,CHE,Europe,37,312.73333333333335,male,42km
1294,FRA,Europe,42,313.0833333333333,male,42km
1295,CHE,Europe,57,313.2,male,42km
1296,CHE,Europe,42,313.2166666666667,female,42km
1297,USA,Americas,30,313.29999999999995,female,42km
1298,USA,Americas,33,314.23333333333335,male,42km
1299,CHE,Europe,20,314.5333333333333,female,42km
1300,CHE,Europe,65,314.5333333333333,female,42km
1301,FRA,Europe,40,315.33333333333337,female,42km
1302,FRA,Europe,57,315.43333333333334,female,42km
1303,FRA,Europe,51,315.76666666666665,male,42km
1304,DEU,Europe,52,316.8666666666667,female,42km
1305,FRA,Europe,51,318.7833333333333,male,42km
1306,FRA,Europe,50,318.79999999999995,female,42km
1307,CHE,Europe,61,319.1333333333333,male,42km
1308,JPN,Asia,65,319.9,male,42km
1309,PRT,Europe,43,320.5,male,42km
1310,CHE,Europe,51,322.5333333333333,female,42km
1311,CHE,Europe,54,322.95,male,42km
1312,CHN,Asia,23,323.3833333333333,male,42km
1313,FRA,Europe,62,325.6,male,42km
1314,CHE,Europe,32,325.73333333333335,male,42km
1315,CHE,Europe,51,326.8833333333333,male,42km
1316,CHE,Europe,30,327.23333333333335,female,42km
1317,CHE,Europe,40,327.3666666666667,female,42km
1318,FRA,Europe,63,327.4333333333333,male,42km
1319,CHE,Europe,52,329.9,female,42km
1320,LKA,Asia,42,329.9166666666667,male,42km
1321,CHE,Europe,64,331.93333333333334,male,42km
1322,AUT,Europe,68,332.6166666666667,female,42km
1323,CHE,Europe,58,336.3166666666667,male,42km
1324,JPN,Asia,70,337.53333333333336,female,42km
1325,JPN,Asia,75,337.58333333333337,male,42km
1326,ESP,Europe,50,339.85,male,42km
1327,JPN,Asia,70,340.16666666666663,male,42km
1328,BOL,Americas,23,340.66666666666663,male,42km
1329,JPN,Asia,67,340.75,female,42km
1330,DEU,Europe,58,340.8833333333333,female,42km
1331,CHE,Europe,46,341.16666666666663,male,42km
1332,FRA,Europe,21,342.0666666666667,female,42km
1333,CHE,Europe,24,342.45000000000005,male,42km
1334,JPN,Asia,51,343.98333333333335,male,42km
1335,FRA,Europe,47,345.0833333333333,female,42km
1336,CHE,Europe,20,347.1,female,42km
1337,CHE,Europe,48,348.0333333333333,male,42km
1338,FRA,Europe,63,350.20000000000005,female,42km
1339,ITA,Europe,68,352.1333333333333,male,42km
1340,ITA,Europe,55,352.51666666666665,female,42km
1341,ITA,Europe,59,352.55,male,42km
1342,MEX,Americas,43,352.98333333333335,male,42km
1343,LSO,Africa,50,358.68333333333334,male,42km
1344,JPN,Asia,66,359.75,male,42km
1345,DEU,Europe,57,360.41666666666663,male,42km
1346,DEU,Europe,49,363.6333333333333,female,42km
1347,POL,Europe,43,364.98333333333335,male,42km
1348,FRA,Europe,50,365.43333333333334,female,42km
1349,DEU,Europe,67,370.15,male,42km
1350,CHE,Europe,60,375.73333333333335,male,42km
1351,CHE,Europe,56,377.95000000000005,male,42km
1352,DEU,Europe,42,378.66666666666663,male,42km
1353,CHE,Europe,26,404.1666666666667,male,42km
1354,FRA,Europe,39,404.95000000000005,male,42km
1355,CHE,Europe,72,424.45,male,42km
1356,FRA,Europe,29,,male,42km
1357,AUS,Oceania,45,,male,42km
1358,CHE,Europe,18,,male,42km
1359,CHE,Europe,27,,male,42km
1360,CHE,Europe,21,,male,42km
1361,CHE,Europe,58,,male,42km
1362,CHE,Europe,24,,male,42km
1363,IRL,Europe,18,,male,42km
1364,CHE,Europe,20,,male,42km
1365,CHE,Europe,44,,male,42km
1366,CHE,Europe,36,,male,42km
1367,CHE,Europe,33,,male,42km
1368,CHE,Europe,38,,male,42km
1369,DEU,Europe,22,,male,42km
1370,FRA,Europe,31,,male,42km
1371,FRA,Europe,43,,male,42km
1372,CHE,Europe,20,,male,42km
1373,AZE,Asia,41,,male,42km
1374,CHE,Europe,33,,male,42km
1375,ALB,Europe,38,,male,42km
1376,FRA,Europe,53,,male,42km
1377,ITA,Europe,43,,male,42km
1378,ITA,Europe,45,,male,42km
1379,CHE,Europe,73,,male,42km
1380,CHE,Europe,44,,female,42km
1381,CHE,Europe,46,,female,42km
1382,DEU,Europe,39,,female,42km
1383,CHE,Europe,56,,female,42km
1384,FRA,Europe,47,,female,42km
1385,FRA,Europe,30,,female,42km
1386,GBR,Europe,26,,female,42km
1387,PRT,Europe,44,,female,42km
